ID,CATEGORY,FILE_NAME,DISPLAY_NAME,TYPE,TAGS
0001,shape,arrow_up.svg,Arrow Up,2layer,"direction, up, arrow"
0002,shape,bubble.svg,Bubble,2layer,"speech, bubble, flyover, message"
0003,shape,circle.svg,Circle,2layer,"shape, circle, sphere, round"
0004,shape,diamond.svg,Diamond,2layer,"shape, diamond"
0005,shape,hexagon.svg,Hexagon,2layer,"shape, hexagon, stop,"
0006,shape,new.svg,New,2layer,"shape, star, new, explode, 9"
0007,shape,octagon.svg,Octagon,2layer,"shape, octagon, 8"
0008,shape,pentagon.svg,Pentagon,2layer,"shape, pentagon, 5"
0009,shape,square.svg,Square,2layer,"shape, square, 4, box"
0010,shape,star.svg,Star,2layer,"shape, star, favorite, rate, rating, 5"
0011,shape,tag.svg,Tag,2layer,"tag, keyword, label"
0012,shape,triangle_down.svg,Triangle Down,2layer,"shape, triangle, down, carrot"
0013,shape,triangle_up.svg,Triangle Up,2layer,"shape, triangle, up, carrot"
0014,shape,arrow_down.svg,Arrow Down,2layer,"direction, down, arrow"