ID,CATEGORY,FILE_NAME,DISPLAY_NAME,TYPE,TAGS
1,military,af_01.svg,Stealth Bomber,1layer,"air, force, jet, plane, stealth, bomber"
2,military,af_02.svg,Stealth Fighter,1layer,"air, force, jet, plane, stealth, fighter"
3,military,af_03.svg,Fighter Jet 01,1layer,"air, force, jet, plane, fighter"
4,military,af_04.svg,Fighter Jet 02,1layer,"air, force, jet, plane, fighter"
5,military,af_05.svg,Fighter Jet 03,1layer,"air, force, jet, plane, fighter"
6,military,af_06.svg,Fighter Jet 04,1layer,"air, force, jet, plane, fighter"
7,military,af_07.svg,Jet,1layer,"jet, plane"
8,military,af_08.svg,Jet,1layer,"jet, plane"
9,military,af_10.svg,Fighter Jet 05,1layer,"air, force, jet, plane, a10, warthog, tankbuster"
10,military,af_11.svg,Bomber 01,1layer,"air, force, jet, plane, bomber"
11,military,af_12.svg,Bomber 02,1layer,"air, force, jet, plane, bomber"
12,military,af_13.svg,cargo plane,1layer,"c130j, hercules, cargo, plane"
13,military,armor_01.svg,Tank 01,1layer,"armor, tank"
14,military,armor_02.svg,Tank 02,1layer,"armor, tank"
15,military,armor_04.svg,Tank 03,1layer,"armor, tank"
16,military,armor_05.svg,Tank 04,1layer,"armor, tank"
17,military,armor_07.svg,Tank 05,1layer,"armor, tank"
18,military,armor_08.svg,Tank 06,1layer,"armor, tank"
19,military,armor_09.svg,Tank 07,1layer,"armor, tank"
20,military,armor_10.svg,Tank 08,1layer,"armor, tank"
21,military,armor_11.svg,Artillery 01,1layer,"armor, artillery, mobile"
22,military,base_01.svg,Base 01,1layer,base
23,military,base_02.svg,Base 02,1layer,base
24,military,base_03.svg,Base 03,1layer,base
25,military,base_04.svg,Base 04,1layer,"forward, operations, tent"
26,military,base_medic.svg,Base 05,1layer,Medicam
27,military,drone_01.svg,Drone 01,1layer,"camera, surveillance, intel, drone"
28,military,drone_02.svg,Drone 02,1layer,drone
29,military,drone_03.svg,Drone 03,1layer,drone predator
30,military,gun_01.svg,Gun 01,1layer,"gun, infantry"
31,military,gun_02.svg,Gun 02,1layer,"machine, gun"
32,military,gun_03.svg,Gun 03,1layer,"sniper, rifle"
33,military,gun_04.svg,Gun 04,1layer,heavy machine gun
34,military,gun_05.svg,Gun 05,1layer,"rpg, rocket, launcher"
35,military,helo_01.svg,Helicopter 01,1layer,missile
36,military,helo_02.svg,Helicopter 02,1layer,"helicopter, chopper"
37,military,helo_03.svg,Helicopter 03,1layer,"helicopter, chopper"
38,military,helo_04.svg,Helicopter 04,1layer,"helicopter, chopper"
39,military,helo_06.svg,Helicopter 06,1layer,"helicopter, chopper"
40,military,helo_07.svg,Helicopter 07,1layer,"helicopter, chopper"
41,military,helo_08.svg,Helicopter 08,1layer,"helicopter, chopper"
42,military,inf_01.svg,Infantry 01,1layer,"infantry, soldier, unit, man, ground, force"
43,military,inf_02.svg,Infantry 02,1layer,"infantry, soldier, unit, man, ground, force"
44,military,inf_04.svg,Infantry 04,1layer,"infantry, soldier, unit, man, ground, force, special, forces, covert"
45,military,inf_05.svg,Infantry 05,1layer,"infantry, soldier, unit, man, ground, force, sniper, covert,"
46,military,inf_06.svg,Infantry 06,1layer,"infantry, soldier, unit, man, ground, force, platoon"
47,military,missile_01.svg,Missile 01,1layer,"missile, rocket"
48,military,missile_02.svg,Missile 02,1layer,"missile, rocket, launcher"
49,military,missile_03.svg,Missile 03,1layer,"missile, rocket, launcher"
50,military,missile_04.svg,Missile 04,1layer,"missile, rocket, launcher"
51,military,missile_05.svg,Missile 05,1layer,"missile, rocket, launcher"
52,military,navy_01.svg,Navy 01,1layer,"navy, boat, ship, patrol"
53,military,navy_02.svg,Navy 02,1layer,"navy, boat, ship, patrol"
54,military,navy_03.svg,Navy 03,1layer,"navy, boat, ship"
55,military,navy_04.svg,Submarine 01,1layer,"navy, ship, sub, submarine"
56,military,navy_05.svg,Submarine 02,1layer,"navy, ship, sub, submarine"
57,military,navy_06.svg,Navy 06,1layer,"navy, ship, boat"
58,military,navy_07.svg,Navy 07,1layer,"navy, ship, carrier, aircraft"
59,military,navy_08.svg,Navy 08,1layer,"navy, boat, ship"
60,military,navy_09.svg,Navy 09,1layer,"navy, boat, ship"
61,military,navy_10.svg,Carrier 01,1layer,"navy, ship, carrier, aircraft"
62,military,navy_11.svg,Carrier 02,1layer,"navy, ship, carrier, aircraft"
63,military,robot_01.svg,Robot,1layer,robot
64,military,truck_01.svg,Truck 01,1layer,"vehicle, truck, jeep"
65,military,truck_02.svg,Truck 02,1layer,"vehicle, truck, semi"
66,military,target.svg,Target,1layer,"target, site"