<?xml version="1.0" encoding="UTF-8"?>
<beans xmlns="http://www.springframework.org/schema/beans"
	xmlns:xsi="http://www.w3.org/2001/XMLSchema-instance"
	xsi:schemaLocation="
        http://www.springframework.org/schema/beans
        http://www.springframework.org/schema/beans/spring-beans.xsd">

	<!-- <bean id = "org.h2.tools.Server" class="org.h2.tools.Server" factory-method="createTcpServer" 
		init-method="start" destroy-method="stop"> <constructor-arg value="-tcp,-tcpAllowOthers,-tcpPort,8043" 
		/> </bean> -->

<!--  
	<bean id="multipartResolver"
		class="org.springframework.web.multipart.support.StandardServletMultipartResolver">
		<property name="maxUploadSize">
			<value>100000</value>
		</property>
	</bean>
	-->
</beans>

