StateCode*STRING*PK,State*STRING,Capital*STRING,Longitude*NUMBER,Latitude*NUMBER,Population*NUMBER,SalesRegion*STRING,TotalSales*NUMBER,OnTarget*NUMBER
AL,Alabama,Montgomery,-86.279118,32.361538,4501000,South,240854,0
AK,Alaska,Juneau,-134.41974,58.301935,649000,West,103086,1
AZ,Arizona,Phoenix,-112.073844,33.448457,5581000,West,68625,1
AR,Arkansas,Little Rock,-92.331122,34.736009,2726000,South,290413,0
CA,California,Sacramento,-121.468926,38.555605,35484000,West,242933,1
CO,Colorado,Denver,-104.984722,39.739167,4551000,West,237731,0
CT,Connecticut,Hartford,-72.677,41.767,3483000,Northeast,31760,0
DE,Delaware,Dover,-75.526667,39.161944,817000,Northeast,8109,1
DC,District of Columbia,"Washington, D.C.",-77.036538,38.896871,563000,Northeast,11005,1
FL,Florida,Tallahassee,-84.27277,30.4518,17019000,South,266486,1
GA,Georgia,Atlanta,-84.39,33.76,8685000,South,665244,1
HI,Hawaii,Honolulu,-157.826182,21.30895,1258000,West,14625,0
ID,Idaho,Boise,-116.237651,43.613739,1366000,West,168574,1
IL,Illinois,Springfield,-89.650373,39.78325,12654000,Midwest,380777,1
IN,Indiana,Indianapolis,-86.147685,39.790942,6196000,Midwest,347518,0
IA,Iowa,Des Moines,-93.620866,41.590939,2944000,Midwest,411161,1
KS,Kansas,Topeka,-95.69,39.04,2724000,Midwest,407139,1
KY,Kentucky,Frankfort,-84.86311,38.197274,4118000,South,481510,1
LA,Louisiana,Baton Rouge,-91.140229,30.45809,4496000,South,267015,1
ME,Maine,Augusta,-69.765261,44.323535,1306000,Northeast,48521,0
MD,Maryland,Annapolis,-76.501157,38.972945,5509000,Northeast,91416,1
MA,Massachusetts,Boston,-71.061667,42.357778,6433000,Northeast,57300,0
MI,Michigan,Lansing,-84.5467,42.7335,10080000,Midwest,331335,0
MN,Minnesota,Saint Paul,-93.094,44.95,5059000,Midwest,336725,1
MS,Mississippi,Jackson,-90.184722,32.298889,2881000,South,325735,1
MO,Missouri,Jefferson City,-92.173611,38.576667,5704000,Midwest,438274,0
MT,Montana,Helena,-112.027031,46.595805,918000,West,214930,0
NE,Nebraska,Lincoln,-96.675345,40.809868,1739000,Midwest,342534,1
NV,Nevada,Carson City,-119.753877,39.160949,2241000,West,72191,1
NH,New Hampshire,Concord,-71.549127,43.220093,1288000,Northeast,36240,1
NJ,New Jersey,Trenton,-74.756138,40.221741,8638000,Northeast,80028,0
NM,New Mexico,Santa Fe,-105.964444,35.667222,1875000,West,135479,1
NY,New York,Albany,-73.781339,42.659829,19190000,Northeast,259458,0
NC,North Carolina,Raleigh,-78.64459,35.818835,8407000,South,382317,1
ND,North Dakota,Bismarck,-100.779004,46.813343,643000,Midwest,208900,1
OH,Ohio,Columbus,-83.000647,39.962245,11436000,Midwest,322099,0
OK,Oklahoma,Oklahoma City,-97.534994,35.482309,3512000,South,277085,0
OR,Oregon,Salem,-123.029159,44.931109,3560000,West,126367,0
PA,Pennsylvania,Harrisburg,-76.875613,40.269789,12365000,Northeast,298126,1
RI,Rhode Island,Providence,-71.422132,41.82355,1076000,Northeast,26140,1
SC,South Carolina,Columbia,-81.033333,34,4147000,South,152905,0
SD,South Dakota,Pierre,-100.336378,44.367966,764000,Midwest,245362,0
TN,Tennessee,Nashville,-86.784,36.165,5842000,South,385403,1
TX,Texas,Austin,-97.75,30.266667,22119000,South,956647,1
UT,Utah,Salt Lake City,-111.892622,40.7547,2351000,West,97606,0
VT,Vermont,Montpelier,-72.57194,44.26639,619000,Northeast,56906,1
VA,Virginia,Richmond,-77.461507,37.538346,7386000,South,522633,1
WA,Washington,Olympia,-122.893077,47.042418,6131000,West,146686,0
WV,West Virginia,Charleston,-81.633294,38.349497,1810000,Northeast,206031,0
WI,Wisconsin,Madison,-89.384444,43.074722,5472000,Midwest,323046,1
WY,Wyoming,Cheyenne,-104.802042,41.145548,501000,West,67677,0
