ID,CATEGORY,FILE_NAME,DISPLAY_NAME,TYPE,TAGS
0001,pattern,diag_solid_1_left.svg,Diagonal Solid Left 01,1layer,pattern
0002,pattern,diag_solid_1_right.svg,Diagonal Solid Right 01,1layer,pattern
0003,pattern,diag_solid_2_left.svg,Diagonal Solid Left 02,1layer,pattern
0004,pattern,diag_solid_2_right.svg,Diagonal Solid Right 02,1layer,pattern
0005,pattern,diag_dash_1_left.svg,Diagonal Dash Left 02,1layer,pattern
0006,pattern,diag_dash_1_right.svg,Diagonal Dash Right 02,1layer,pattern
0007,pattern,dot_solid_1_right.svg,Dot 01,1layer,pattern