"City","Country","Latitude","Location_ID","Longitude","State",
"Spartanburg","USA","34.92","SPA","-81.96","SC",
"Skagway","USA","59.75","SGY","-135.53","AK",
"Miramar NAS","USA","32.87","NKX","-117.15","CA",
"Unalakleet","USA","63.88","UNK","-160.80","AK",
"Corvallis","USA","44.50","CVO","-123.28","OR",
"Denver","USA","39.75","DEN","-104.87","CO",
"Escanaba","USA","45.73","ESC","-87.08","MI",
"Baltimore","USA","39.18","BWI","-76.67","MD",
"Ithaca","USA","42.48","ITH","-76.47","NY",
"Sidney Muni","USA","41.10","SNY","-102.98","NE",
"Middletown","USA","40.20","MDT","-76.77","PA",
"Charleston","USA","32.90","CHS","-80.03","SC",
"San Miguel","USA","34.03","N5G","-120.40","CA",
"Goodland","USA","39.37","GLD","-101.70","KS",
"Mccall","USA","44.88","MYL","-116.10","ID",
"Chicago/Meigs","USA","41.87","CGX","-87.62","IL",
"Bangor","USA","44.80","BGR","-68.82","ME",
"Ft Col/Lovel","USA","40.45","FNL","-105.02","CO",
"Bowling Gren","USA","36.97","BWG","-86.43","KY",
"Angoon","USA","57.83","AGN","-134.97","AK",
"Corpus Chrst","USA","27.70","NGP","-97.28","TX",
"Des Moines","USA","41.53","DSM","-93.65","IA",
"Salt Lake Ct","USA","40.78","SLC","-111.97","UT",
"Ponca City","USA","36.73","PNC","-97.10","OK",
"Alma","USA","31.53","AMG","-82.52","GA",
"Morgantown","USA","39.65","MGW","-79.92","WV",
"Renton","USA","47.50","RNT","-122.22","WA",
"Chicago/Meigs","USA","41.87","CGX","-87.62","IL",
"Ind Sprng Rn","USA","36.53","L63","-115.57","NV",
"South Bend","USA","41.70","SBN","-86.32","IN",
