ID,CATEGORY,FILE_NAME,DISPLAY_NAME,TYPE,TAGS
1,it,activity.svg,Activity,1layer,"KPI, metric"
2,it,agent.svg,Agent,1layer,"spy, secret"
3,it,logo_amazon.svg,Amazon,1layer,logo
4,it,app_ios.svg,App,1layer,"iOS, store"
5,it,application.svg,Application,1layer,"gears, cogs"
6,it,bell_o.svg,Alarm,1layer,"bell, notification"
7,it,bug.svg,Bug,1layer,"insect, beetle"
8,it,building_gov.svg,Government,1layer,"building, gov"
9,it,building_lg.svg,Large Building,1layer,"building, large"
10,it,building_med.svg,Medium Building,1layer,"building, medium"
11,it,building_sm.svg,Small Building,1layer,"building, small"
12,it,cc_alt.svg,Credit Card,1layer,"payment, charge, transaction, credit, card"
13,it,cc_amex.svg,Amex,1layer,"payment, charge, credit, card"
14,it,cc_discover.svg,Discover,1layer,"payment, charge, credit, card"
15,it,cc_mastercard.svg,Mastercard,1layer,"payment, charge, credit, card"
16,it,cc_paypal.svg,Paypal,1layer,"payment, charge, credit, card"
17,it,cc_visa.svg,Visa,1layer,"payment, charge, credit, card"
18,it,logo_chrome.svg,Chrome,1layer,"logo, browser"
19,it,cloud.svg,Cloud,1layer,"network, subnet, web, internet"
20,it,cluster.svg,Cluster,1layer,"array, farm"
21,it,cpu.svg,CPU,1layer,"processor, intel, amd"
22,it,data_center.svg,Data Center,1layer,"building, data, center, noc"
23,it,database.svg,Database,1layer,"db, data, storage,"
24,it,desktop.svg,Desktop,1layer,"desktop, computer, system"
25,it,desktop_imac.svg,iMac,1layer,"desktop, computer, system, monitor, display, LCD"
26,it,disc.svg,Disk Drive,1layer,"hard, disk, drive, storage"
27,it,dish.svg,Dish,1layer,satellite dish 
28,it,display.svg,Display,1layer,"monitor, display, tv, LCD"
29,it,drive.svg,Drive,1layer,"hard, disk, drive, storage, solid, state, SSD"
30,it,file.svg,File,1layer,file
31,it,fire.svg,Fire,1layer,"flame, heat"
32,it,logo_firefox.svg,Firefox,1layer,"logo, fire, fox, browser"
33,it,firewall.svg,Firewall,1layer,"network, fire, wall"
34,it,flag.svg,Flag,1layer,"event, situation, incident"
35,it,folder_open.svg,Folder Open,1layer,"folder, directory, group"
36,it,gateway.svg,Gateway,1layer,"network, gate"
37,it,gear.svg,Gear,1layer,"process, task, job, work"
38,it,logo_google.svg,Google,1layer,"logo, browser"
39,it,logo_google_drive.svg,Google Drive,1layer,logo
40,it,logo_hadoop.svg,Hadoop,1layer,"big, data"
41,it,headset.svg,Headset,1layer,"call, support, help, com, phone"
42,it,home.svg,Home,1layer,"building, small"
43,it,hub.svg,Hub,1layer,"network, hub"
44,it,logo_ie.svg,Internet Explorer,1layer,"logo, browser"
45,it,lan.svg,LAN,1layer,"network, local, area,"
46,it,laptop_chromebook.svg,Laptop 1,1layer,"computer, laptop, chromebook"
47,it,laptop_mac.svg,Laptop 2,1layer,"computer, laptop, macbook"
48,it,link.svg,Link,1layer,"network, link"
49,it,load_balancer.svg,Load Balancer,1layer,"network, load, balancer"
50,it,log.svg,Log,1layer,"log, file"
51,it,memory.svg,Memory,1layer,memory
52,it,mobile2.svg,Cell Phone,1layer,"mobile, phone, iphone, "
53,it,monitor.svg,Monitor,1layer,"agent, monitoring, kpi"
54,it,nas.svg,NAS,1layer,"network, storage, SAN, RAID"
55,it,storage_array.svg,Storage Array,1layer,"storage, array, RAID"
56,it,network.svg,Network,1layer,"network, web"
57,it,network_sniffer.svg,Network Sniffer,1layer,"network, sniff"
58,it,logo_opera.svg,Opera,1layer,"logo, browser"
59,it,logo_android.svg,Android,1layer,"logo, OS, mobile"
60,it,logo_apple.svg,Apple,1layer,"logo, OS, iOS, mobile"
61,it,logo_linux.svg,Linux,1layer,"logo, OS, linux, penguin"
62,it,logo_linux_crop.svg,Linux Crop,1layer,"logo, OS, linux, penguin"
63,it,logo_windows.svg,Windows 8,1layer,"logo, OS, microsoft"
64,it,logo_windows2.svg,Windows 10,1layer,"logo, OS, microsoft"
66,it,port.svg,Port,1layer,"ethernet, jack"
67,it,power_cord.svg,Plug,1layer,power
68,it,proxy.svg,Proxy,1layer,proxy
69,it,router_logical.svg,Router Logical,1layer,"network, router"
70,it,router_wireless_2.svg,Router Wireless,1layer,"network, router"
71,it,logo_safari.svg,Safari,1layer,"logo, browser, compass"
72,it,satellite.svg,Satellite,1layer,satellite
73,it,server_4.svg,Server 4,1layer,"server, stack, rack"
74,it,server_3.svg,Server 3,1layer,"server, stack, rack"
75,it,server_5.svg,Server 5,1layer,"server, stack, rack"
76,it,san.svg,SAN,1layer,"network, storage"
77,it,server_cluster_1.svg,Server Cluster 1,1layer,"server, cluster, array"
78,it,server_cluster_2.svg,Server Cluster 2,1layer,"server, cluster, array"
79,it,server_linux.svg,Linux Server,1layer,"linux, server"
80,it,server_windows.svg,Windows Server,1layer,"windows, server"
81,it,service.svg,Service,1layer,"service, bell"
82,it,shopping_cart.svg,Shopping Cart,1layer,"purchase, shop, cart,"
83,it,logo_skype.svg,Skype,1layer,logo
84,it,switch.svg,Switch Logical,1layer,"network, switch"
85,it,tablet_mac.svg,Tablet,1layer,"mobile, tablet, iPad"
86,it,terminal.svg,Terminal,1layer,"command, line, prompt, dos"
87,it,tower.svg,Tower,1layer,wireless
88,it,transaction.svg,Transaction,1layer,"transaction, job, process"
89,it,usb.svg,USB,1layer,usb
90,it,virtual_machine.svg,Virtual Machine,1layer,"vm, virtual, machine"
92,it,voip_gateway.svg,VOIP Gateway,1layer,"voice, phone, ip, gateway, network"
93,it,vpn.svg,VPN,1layer,"network, private, virtual"
94,it,wall.svg,Wall,1layer,"fire, wall"
95,it,wan.svg,WAN,1layer,"wide, area, network"
96,it,watch.svg,Watch,1layer,"iWatch, mobile, device"
97,it,web.svg,Web,1layer,"internet, web"
98,it,web_server.svg,Web Server,1layer,"web, server"
99,it,wifi.svg,Wifi,1layer,"wireless, signal, network"
100,it,wireless_router.svg,Wireless Router,1layer,"network, wireless, router"