<?xml version="1.0" encoding="UTF-8"?>
<Configuration status="warn" name="catalina" packages="">
  <Properties>
    <Property name="logdir">${sys:prod.home}/logs</Property>
    <Property name="layout">%d{MMM d, yyyy HH:mm:ss}: %5p (%F:%L) - %m%n</Property>
  </Properties>

    <Appenders>
        <RollingRandomAccessFile name="catalina"
            fileName="${logdir}/catalina.log"
            filePattern="${logdir}/catalina-%d{yyyy-MM-dd}-%i.log.gz">
            <PatternLayout>
                <Pattern>${layout}</Pattern>
            </PatternLayout>
            <Policies>
                <TimeBasedTriggeringPolicy />
                <SizeBasedTriggeringPolicy size="250 MB" />
            </Policies>
         <DefaultRolloverStrategy max="4">
	        <!--
	        Nested conditions: the inner condition is only evaluated on files
	        for which the outer conditions are true.
	        -->
	        <Delete basePath="${logdir}" maxDepth="2">
	          <IfFileName glob="catalina-*.log.gz">
	            <IfLastModified age="7d">
	            </IfLastModified>
	          </IfFileName>
	        </Delete>
         </DefaultRolloverStrategy>
        </RollingRandomAccessFile>
    </Appenders>
    <Loggers>
        <!-- default loglevel for emaxx code -->
        <logger name="org.apache.catalina" level="info" additivity="false">
            <appender-ref ref="catalina" />
        </logger>
        <Root level="info">
            <appender-ref ref="catalina" />
        </Root>
    </Loggers>
</Configuration>
