ID,CATEGORY,FILE_NAME,DISPLAY_NAME,TYPE,TAGS
1,application,action.svg,action,1layer,"app,bolt"
2,application,align_center.svg,align center,1layer,"app, align, center"
3,application,align_left.svg,align left,1layer,"app, align, left"
4,application,align_right.svg,align right,1layer,"app, align, right"
5,application,android.svg,android,1layer,"app, android, mobile, logo, os"
6,application,angle_double_down.svg,angle double down,1layer,"app, arrow, down, chevron"
7,application,angle_double_left.svg,angle double left,1layer,"app, arrow, left, chevron"
8,application,angle_double_right.svg,angle double right,1layer,"app, arrow, right, chevron"
9,application,angle_double_up.svg,angle double up,1layer,"app, arrow, up, chevron"
10,application,angle_down.svg,angle down,1layer,"app, arrow, down, chevron"
11,application,angle_left.svg,angle left,1layer,"app, arrow, left, chevron"
12,application,angle_right.svg,angle right,1layer,"app, arrow, right, chevron"
13,application,angle_up.svg,angle up,1layer,"app, arrow, up, chevron"
14,application,apple.svg,apple,1layer,"app, mobile, ios, apple, logo, os"
15,application,area_chart.svg,area chart,1layer,"app, chart"
16,application,arrow_circle_down.svg,arrow circle down,1layer,"app, arrow, down, circle"
17,application,arrow_circle_left.svg,arrow circle left,1layer,"app, arrow, left, circle"
18,application,arrow_circle_o_down.svg,arrow circle outline down,1layer,"app, arrow, down, circle"
19,application,arrow_circle_o_up.svg,arrow circle outline up,1layer,"app, arrow, up, circle"
20,application,arrow_circle_right.svg,arrow circle right,1layer,"app, arrow, right, circle"
21,application,arrow_circle_up.svg,arrow circle up,1layer,"app, arrow, up, circle"
22,application,arrow_down.svg,arrow down,1layer,"app, arrow, down"
23,application,arrow_left.svg,arrow left,1layer,"app, arrow, left"
24,application,arrow_right.svg,arrow right,1layer,"app, arrow, right"
25,application,arrow_up.svg,arrow up,1layer,"app, arrow, up"
26,application,arrows_alt.svg,arrows alt,1layer,"app, arrows, pan, move, direction"
27,application,arrows_h.svg,arrows horizontal,1layer,"app, arrows, left, right, scale, horizontal, width"
28,application,arrows_v.svg,arrows vertical,1layer,"app, arrows, up, down, scale, vertical, height"
29,application,arrows.svg,arrows,1layer,"app, arrows, pan, move, direction"
30,application,backup.svg,backup,1layer,"app, backup, clock, history, age, time, revert"
31,application,backward.svg,backward,1layer,"app, arrow, rewind"
32,application,ban.svg,ban,1layer,"app, invalid, unavailable, disabled, "
33,application,bank.svg,bank,1layer,"app, government building, monument, museum, history"
34,application,bars.svg,bars,1layer,"app, hamburger, menu"
35,application,bed.svg,bed,1layer,"app, sleep, dormant, rest"
36,application,bell.svg,bell,1layer,"app, alert, ring, chime"
37,application,bold.svg,bold,1layer,"app, b"
38,application,bolt.svg,bolt,1layer,"app, lightning, action, shock, electricity, speed"
39,application,bookmark_o.svg,bookmark outline,1layer,"app, banner, flag"
40,application,bookmark.svg,bookmark,1layer,"app, banner, flag"
41,application,bullseye.svg,bullseye,1layer,"app, target, bull, dart, board"
42,application,calendar_check_o.svg,calendar check outline,1layer,"app, calendar, date, schedule, check"
43,application,calendar_minus_o.svg,calendar minus outline,1layer,"app, calendar, date, schedule, minus, remove, subtract"
44,application,calendar_o.svg,calendar outline,1layer,"app, calendar, date, schedule"
45,application,calendar_plus_o.svg,calendar plus outline,1layer,"app, calendar, date, schedule, add, plus, create, new"
46,application,calendar_times_o.svg,calendar times outline,1layer,"app, calendar, date, schedule, remove, delete, erase"
47,application,camera.svg,camera,1layer,"app, picture, pic, capture, camera, dslr"
48,application,caret_left.svg,caret left,1layer,"app, caret, left, arrow"
49,application,caret_right.svg,caret right,1layer,"app, caret, right, arrow"
50,application,chain_broken.svg,chain broken,1layer,"app, link, sever, break, connect"
51,application,chain.svg,chain,1layer,"app, link, url, connect"
52,application,check_circle_o.svg,check circle outline,1layer,"app, circle, check, accept, approve, select"
53,application,check_circle.svg,check circle,1layer,"app, circle, check, accept, approve, select"
54,application,check_square_o.svg,check square outline,1layer,"app, square, check, accept, approve, select"
55,application,check_square.svg,check square,1layer,"app, square, check, accept, approve, select"
56,application,check.svg,check,1layer,"app, check, accept, approve, select"
57,application,chevron_circle_down.svg,chevron circle down,1layer,"app, circle, down, chevron, arrow"
58,application,chevron_circle_left.svg,chevron circle left,1layer,"app, circle, left, chevron, arrow"
59,application,chevron_circle_right.svg,chevron circle right,1layer,"app, circle, right, chevron, arrow"
60,application,chevron_circle_up.svg,chevron circle up,1layer,"app, circle, up, chevron, arrow"
61,application,chevron_down.svg,chevron down,1layer,"app, down, chevron, arrow"
62,application,chevron_left.svg,chevron left,1layer,"app, left, chevron, arrow"
63,application,chevron_right.svg,chevron right,1layer,"app, right, chevron, arrow"
64,application,chevron_up.svg,chevron up,1layer,"app, up, chevron, arrow"
65,application,circle_o.svg,circle outline,1layer,"app, circle, unselect"
66,application,circle.svg,circle,1layer,"app, circle, selected"
67,application,clock_o.svg,clock outline,1layer,"app, clock, time, interval, duration"
68,application,close.svg,close,1layer,"app, x, quit, cancel, remove, delete"
69,application,cloud_download.svg,cloud download,1layer,"app, download, cloud, remote"
70,application,cloud_upload.svg,cloud upload,1layer,"app, upload, cloud, remote"
71,application,code_fork.svg,code fork,1layer,"app, fork, split, merge, branch"
72,application,code.svg,code,1layer,"app, code, syntax, expression, command, prompt, bracket"
73,application,cog.svg,cog,1layer,"app, cog, gear, process, job"
74,application,cogs.svg,cogs,1layer,"app, cog, gear, cogs, gears, app, application, service"
75,application,comment_o.svg,comment outline,1layer,"app, bubble, speech, comment, message, text, chat"
76,application,comment.svg,comment,1layer,"app, bubble, speech, comment, message, text, chat"
77,application,commenting_o.svg,commenting outline,1layer,"app, bubble, speech, comment, message, text, chat, waiting, progress"
78,application,commenting.svg,commenting,1layer,"app, bubble, speech, comment, message, text, chat, waiting, progress"
79,application,comments_o.svg,comments outline,1layer,"app, bubble, speech, comment, message, text, chat, room"
80,application,compass.svg,compass,1layer,"app, compass, direction, navigation, north, south, map"
81,application,component.svg,component,1layer,"app, component, module, package, block, cube"
82,application,compress.svg,compress,1layer,"app, shrink, compression, resize, scale, down"
83,application,connect.svg,connect,1layer,"app, plug, connect, connector, power, cable, adaptor, adapter"
84,application,content_tree.svg,content tree,1layer,"app, hierarchy, relationship, group, tree"
85,application,copy.svg,,1layer,"app, copy, clone, paper, pages"
86,application,crosshairs.svg,crosshairs,1layer,"app, target, cross, sight, site"
87,application,css3.svg,css3,1layer,"app, css3, style"
88,application,cube.svg,cube,1layer,"app, component, module, package, block, cube"
89,application,cut.svg,cut,1layer,"app, cut, scissor, snip"
90,application,database.svg,database,1layer,"app, db, data, datasource"
91,application,db_driver.svg,db driver,1layer,"app, db, data, entity, table, datasource"
92,application,dedent.svg,dedent,1layer,"app, indent, tab, offset"
93,application,desktop.svg,desktop,1layer,"app, monitor, client, desktop, imac, screen, view, display"
94,application,eject.svg,eject,1layer,"app, remove, arrow, up, eject"
95,application,ellipsis_h.svg,ellipsis horizontal,1layer,"app, dots, horizontal, drag, overflow"
96,application,ellipsis_v.svg,ellipsis vertical,1layer,"app, dots, vertical, drag. overflow"
97,application,eraser.svg,eraser,1layer,"app, erase, clear, clean"
98,application,exchange.svg,exchange,1layer,"app, transaction, flow, stream"
99,application,exclamation_circle.svg,exclamation circle,1layer,"app, circle, explanation, mark, error, warning, alert, message"
100,application,exclamation_triangle.svg,exclamation triangle,1layer,"app, triangle, explanation, mark, error, warning, alert, message"
101,application,exclamation.svg,exclamation,1layer,"app, triangle, explanation, mark, error, warning, alert, message"
102,application,expand.svg,expand,1layer,"app, scale, resize, expand, grow, larger"
103,application,external_link_square.svg,external link square,1layer,"app, link, arrow, external"
104,application,eye_slash.svg,eye slash,1layer,"app, invisible, hidden, display, hide"
105,application,eye.svg,eye,1layer,"app, view, visible, show, display, reveal, look, sight"
106,application,eyedropper.svg,eyedropper,1layer,"app, drop, color, select, pick, sample"
107,application,fast_backward.svg,fast backward,1layer,"app, skip, arrows, forward, next"
108,application,fast_forward.svg,fast forward,1layer,"app, skip, arrows, backward, back, previous"
109,application,feed.svg,feed,1layer,"app, signal, wifi, connect, waves, bars, strength, rss"
110,application,file_o.svg,file outline,1layer,"app, file, paper, page"
111,application,file_text_o.svg,file text outline,1layer,"app, file, paper, page"
112,application,file_text.svg,file text,1layer,"app, file, paper, page"
113,application,file.svg,file,1layer,"app, file, paper, page"
114,application,filter.svg,filter,1layer,"app, funnel, filter, "
115,application,fire_extinguisher.svg,fire extinguisher,1layer,"app, fire, extinguish"
116,application,flask.svg,flask,1layer,"app, flask, chemistry, beaker"
117,application,floppy_o.svg,floppy outline,1layer,"app, save, disk, disc, export"
118,application,folder_new.svg,folder new,1layer,"app, folder, group, directory, new"
119,application,folder_o.svg,folder outline,1layer,"app, folder, group, directory"
120,application,folder_open_o.svg,folder outline pen outline,1layer,"app, folder, group, directory"
121,application,folder_open.svg,folder outline pen,1layer,"app, folder, group, directory, open"
122,application,folder.svg,folder,1layer,"app, folder, group, directory"
123,application,font.svg,font,1layer,"app, a, style"
124,application,forward.svg,forward,1layer,"app, fast, forward, next"
125,application,gear2.svg,gear2,1layer,"app, cog, gear, process, job"
126,application,gift.svg,gift,1layer,"app, package, component, module"
127,application,graduation_cap.svg,graduation cap,1layer,"app, expert, advise, help, knowledge"
128,application,heart_o.svg,heart outline,1layer,"app, love, favorite"
129,application,heart.svg,heart,1layer,"app, love, favorite"
130,application,history.svg,history,1layer,"app, backup, history, revert, "
131,application,home.svg,home,1layer,"app, house, building, home"
132,application,hourglass_o.svg,hourglass outline,1layer,"app, hourglass, processing, wait, waiting"
133,application,hourglass.svg,hourglass,1layer,"app, hourglass, processing, wait, waiting"
134,application,html5.svg,html5,1layer,"app, html5, 5, html, dom"
135,application,idea.svg,idea,1layer,"app, lightbulb, light"
136,application,image.svg,image,1layer,"app, image, visual, visualization, visualize, widget"
137,application,indent.svg,indent,1layer,"app, indent, tab, offset"
138,application,info_circle.svg,infoutline circle,1layer,"app, circle, i, info, information, message, alert"
139,application,info.svg,info,1layer,"app, i, info, information, message, alert"
140,application,italic.svg,italic,1layer,"app, italic, style, font"
141,application,laptop.svg,laptop,1layer,"app, laptop, macbook, computer"
142,application,level_down.svg,level down,1layer,"app, arrow, down"
143,application,level_up.svg,level up,1layer,"app, arrow, up"
144,application,linux.svg,linux,1layer,"app, linux, logo, penguin"
145,application,list_alt.svg,list alt,1layer,"app, list, dialog, config, menu"
146,application,list_ol.svg,list outline l,1layer,"app, list, ordered, numeric"
147,application,list_ul.svg,list ul,1layer,"app, list, unordered"
148,application,list.svg,list,1layer,"app, list, unordered"
149,application,location_arrow.svg,location arrow,1layer,"app, cursor, arrow, pointer, select"
150,application,lock.svg,lock,1layer,"app, lock, secure, restricted"
151,application,locked.svg,locked,1layer,"app, lock, secure, restricted"
152,application,log.svg,log,1layer,"app, logs, file"
153,application,magic.svg,magic,1layer,"app, wand, magic, wizard, "
154,application,magnet.svg,magnet,1layer,"app, magnetic"
155,application,mail_forward.svg,mail forward,1layer,"app, forward, skip, next"
156,application,mail_reply.svg,mail reply,1layer,"app, backward, back, revert, previous"
157,application,manage_pages.svg,,1layer,"app, manage, pages, edit, page, pencil"
158,application,minus_circle.svg,minus circle,1layer,"app, circle, minus, remove, subtract"
159,application,minus_square_o.svg,minus square outline,1layer,"app, square, minus, remove, subtract"
160,application,minus_square.svg,minus square,1layer,"app, square, minus, remove, subtract"
161,application,minus.svg,minus,1layer,"app, minus, remove, subtract"
162,application,mobile.svg,mobile,1layer,"app, mobile, device, phone"
163,application,money.svg,money,1layer,"app, cash, currency, cost, price, spend"
164,application,moon_o.svg,moon outline,1layer,"app, night, moon, evening, sleep"
165,application,object_group.svg,object group,1layer,"app, group, select, object"
166,application,object_ungroup.svg,object ungroup,1layer,"app, ungroup"
167,application,page_locked.svg,page locked,1layer,"app, page, locked"
168,application,page_menu.svg,page menu,1layer,"app, menu"
169,application,page_new.svg,page new,1layer,"app, paper, page, new, add, create"
170,application,paint_brush.svg,paint brush,1layer,"app, fill, color, paint"
171,application,paperclip.svg,paperclip,1layer,"app, clip, attach"
172,application,password_policy.svg,password policy,1layer,"app, password, lock, secure, restrict"
173,application,pause.svg,pause,1layer,"app, pause"
174,application,pencil_square.svg,pencil square,1layer,"app, pencil, edit, config"
175,application,pencil.svg,pencil,1layer,"app, pencil, edit, config"
176,application,percent.svg,percent,1layer,"app, percentage"
177,application,pie_chart.svg,pie chart,1layer,"app, pie, chart"
178,application,play_circle.svg,play circle,1layer,"app, circle, arrow, right, play"
179,application,play.svg,play,1layer,"app, arrow, right, play"
180,application,plug.svg,plug,1layer,"app, plug, connect, connector, power, cable, adaptor, adapter"
181,application,plus_circle.svg,plus circle,1layer,"app, circle, plus, add, create, new"
182,application,plus_square.svg,plus square,1layer,"app, square, plus, add, create, new"
183,application,plus.svg,plus,1layer,"app, plus, add, create, new"
184,application,power_off.svg,power outline ff,1layer,"app, power, off, on"
185,application,print.svg,print,1layer,"app, print"
186,application,provision_content.svg,provision content,1layer,"app, hierarchy, relationship, group, tree"
187,application,provision_pages.svg,,1layer,"app, page, paper, secure, locked"
188,application,puzzle_piece.svg,puzzle piece,1layer,"app, puzzle, piece, component, module"
189,application,query.svg,query,1layer,"app, query, search, find, db, sql"
190,application,question_circle.svg,question circle,1layer,"app, circle, question, mark, help"
191,application,question.svg,question,1layer,"app, question, mark, help"
192,application,random.svg,random,1layer,"app, random, mix, swap, invert"
193,application,recycle.svg,recycle,1layer,"app, recycle, reuse"
194,application,refresh.svg,refresh,1layer,"app, refresh, reload"
195,application,repeat.svg,repeat,1layer,"app, repeat, reload"
196,application,retweet.svg,retweet,1layer,"app, retweet"
197,application,rotate_left.svg,rotate left,1layer,"app, rotate, left, counter, clockwise"
198,application,rss_square.svg,rss square,1layer,"app, rss, feed, square"
199,application,ruler.svg,ruler,1layer,"app, rule, ruler, ruleset, measure"
200,application,ruleset.svg,ruleset,1layer,"app, rule, ruler, ruleset, measure"
201,application,search_minus.svg,search minus,1layer,"app, zoom, minus, out, magnify, shrink"
202,application,search_plus.svg,search plus,1layer,"app, zoom plus, in, magnify, enlarge"
203,application,search.svg,search,1layer,"app, search, zoom, find, locate"
204,application,select_box.svg,select box,1layer,"app, select, unselected, box"
205,application,select_checked.svg,select checked,1layer,"app, select, selected, box, check"
206,application,select_partial.svg,select partial,1layer,"app, select, partial, selected, box"
207,application,server.svg,server,1layer,"app, server, rack, cluster"
208,application,session.svg,session,1layer,"app, session"
209,application,share_square.svg,share square,1layer,"app, share, arrow, square, skip, forward"
210,application,shield.svg,shield,1layer,"app, shield, armor, protect"
211,application,shopping_basket.svg,shopping basket,1layer,"app, shop, cart, purchase"
212,application,sign_out.svg,sign outline ut,1layer,"app, log, logoff, out, quit"
213,application,signal.svg,signal,1layer,"app, signal, wifi, connect, waves, bars, strength, rss"
214,application,sitemap.svg,sitemap,1layer,"app, hierarchy, relationship, group, tree, map"
215,application,sliders.svg,sliders,1layer,"app, slider, config, mixer"
216,application,sort_alpha_asc.svg,sort alpha asc,1layer,"app, sort, alphanumeric, words, order, ascend, ascending"
217,application,sort_alpha_desc.svg,sort alpha desc,1layer,"app, sort, alphanumeric, words, order, descend, descending"
218,application,sort_amount_asc.svg,sort amount asc,1layer,"app, sort, amount, order, ascend, ascending"
219,application,sort_amount_desc.svg,sort amount desc,1layer,"app, sort, amount, order, descend, descending"
220,application,sort_asc.svg,sort asc,1layer,"app, sort, arrow, arrow, up, ascend, ascending"
221,application,sort_desc.svg,sort desc,1layer,"app, sort, arrow, arrow, down, descend, descending"
222,application,sort_numeric_asc.svg,sort numeric asc,1layer,"app, sort, numeric, order, ascend, ascending"
223,application,sort_numeric_desc.svg,sort numeric desc,1layer,"app, sort, numeric, order, descend, descending"
224,application,sort.svg,sort,1layer,"app, sort, order, arrow"
225,application,split_vert.svg,split,1layer,"app, split, vertical"
226,application,split_horz.svg,split,1layer,"app, split, horizontal"
227,application,square_o.svg,square outline,1layer,"app, square"
228,application,square.svg,square,1layer,"app, square"
229,application,star_o.svg,star outline,1layer,"app, star, favorite"
230,application,star.svg,star,1layer,"app, star, favorite"
231,application,step_backward.svg,step backward,1layer,"app, skip, forward, step, arrow, left"
232,application,step_forward.svg,step forward,1layer,"app, skip, backward, step, arrow, right"
233,application,stethoscope.svg,stethoscope,1layer,"app, medic, sick, health, doctor, help, incident"
234,application,sticky_note_o.svg,sticky note outline,1layer,"app, note, paper, page, sticky"
235,application,sticky_note.svg,sticky note,1layer,"app, note, paper, page, sticky"
236,application,stop.svg,stop,1layer,"app, square, stop, stopped"
237,application,sun_o.svg,sun outline,1layer,"app, sun, bright, brightness"
238,application,table.svg,table,1layer,"app, table, tabular, entity, dataset"
239,application,tablet.svg,tablet,1layer,"app, tablet, mobile, device"
240,application,tag.svg,tag,1layer,"app, tag, label, id"
241,application,tags.svg,tags,1layer,"app, tag, tags, label, labels, id, ids"
242,application,target.svg,target,1layer,"app, target, cross, sight, site"
243,application,television.svg,television,1layer,"app, tv, monitor, display"
244,application,terminal.svg,terminal,1layer,"app, command, prompt, code, expression"
245,application,text_height.svg,text height,1layer,"app, text, font, height, size"
246,application,text_width.svg,text width,1layer,"app, text, font, width size"
247,application,th_large.svg,th large,1layer,"app, flow, layout, list, thumbnails"
248,application,th_list.svg,th list,1layer,"app, vertical, layout, list, details"
249,application,th.svg,th,1layer,"app, flow, layout, list, thumbnails"
250,application,ticket.svg,ticket,1layer,"app, ticket, incident, event"
251,application,times_circle_o.svg,times circle outline,1layer,"app, circle, error, critical, status, "
252,application,times_circle.svg,times circle,1layer,"app, circle, error, critical, status, "
253,application,toggle_collapsed.svg,toggle collapsed,1layer,"app, toggle, collapsed, arrow, right"
254,application,toggle_expanded.svg,toggle expanded,1layer,"app, toggle, collapsed, arrow, down"
255,application,trans_filter.svg,trans filter,1layer,"app, filter, funnel"
256,application,trans_gear.svg,trans gear,1layer,"app, gear, cog, process, job"
257,application,trans_merge.svg,trans merge,1layer,"app, merge, join, associate, union, flow"
258,application,transform_data.svg,transform data,1layer,"app, transform, search, query"
259,application,trash_o.svg,trash outline,1layer,"app, trash, delete, destroy, remove"
260,application,trash.svg,trash,1layer,"app, trash, delete, destroy, remove"
261,application,trophy.svg,trophy,1layer,"app, trophy, award, best"
262,application,unlock_alt.svg,unlock alt,1layer,"app, unlocked, unsecure, open"
263,application,unlock.svg,unlock,1layer,"app, unlocked, unsecure, open"
264,application,user_group.svg,group,1layer,"app, user, group, people, users"
265,application,user_md.svg,user md,1layer,"app, operations, ops, doctor, medic, support"
266,application,user_plus.svg,user plus,1layer,"app, user, add, person"
267,application,user_times.svg,user times,1layer,"app, user, remove, delete, person"
268,application,user.svg,user,1layer,"app, user"
269,application,var.svg,var,1layer,"app, variable, parameter, var, param"
270,application,vis_chart.svg,Chart,1layer,"app, visualization, chart, column"
271,application,vis_gauge.svg,Radial Gauge,1layer,"app, visualization, gauge, meter, speed, capacity"
272,application,vis_list.svg,List,1layer,"app, visualization, chart, list"
273,application,vis_map.svg,Map,1layer,"app, visualization, chart, map"
274,application,vis_proxy.svg,Proxy,1layer,"app, visualization, chart, proxy"
275,application,vis_sankey.svg,Sankey,1layer,"app, visualization, chart, sankey"
276,application,vis_table.svg,Table,1layer,"app, visualization, chart, table"
277,application,vis_topology.svg,Topology,1layer,"app, visualization, chart, topology"
278,application,vis_treemap.svg,Treemap,1layer,"app, visualization, chart, treemap"
279,application,visualization.svg,visualization,1layer,"app, visualization, page"
280,application,visualize.svg,visualize,1layer,"app, visualize, widget"
281,application,volume_down.svg,volume down,1layer,"app, volume, low, sound"
282,application,volume_off.svg,volume outline off,1layer,"app, volume, mute, sound"
283,application,volume_up.svg,volume up,1layer,"app, volume, loud, sound"
284,application,wifi.svg,wifi,1layer,"app, wifi, signal, bars"
285,application,windows.svg,windows,1layer,"app, windows"
286,application,wrench.svg,wrench,1layer,"app, wrench, config, customize, fix"
287,application,page_o.svg,page,1layer,"app, page, outline, paper, file"
288,application,prov_folder_locked.svg,Provision Group Locked,1layer,"app, provision, group, folder, lock"
289,application,prov_folder.svg,Provision Group,1layer,"app, provision, group, folder"
290,application,prov_page_locked.svg,Provision Page Locked,1layer,"app, provision, page, lock"
291,application,prov_page.svg,Provision Page,1layer,"app, provision, page"
292,application,zoom_auto.svg,Auto Zoom,1layer,"auto, zoom, refresh"
293,application,fit_to_zoom.svg,Fit To Zoom,1layer,"fit, to, zoom, full, maximize"
294,application,vis_gauge_radial.svg,Gauge,1layer,"app, visualization, gauge, meter, speed, capacity"
295,application,globe_west.svg,Globe,1layer,"app earth, planet, globe, world, global, web, network, global, internet"
296,application,light_bulb.svg,Light Bulb,1layer,"app, idea, concept, power, brightness"
297,application,vis_text.svg,Scrolling Text,1layer,"app, text visualization marquee ticker"
298,application,user_hollow.svg,User Outline,1layer,"app, user, hollow, outline"
299,application,vis_small_multiple.svg,Small Multiple,1layer,"app, visualization, chart"
300,application,vis_chord.svg,Chord Diagram,1layer,"app, visualization, chord"
301,application,vis_timeline.svg,Timeline,1layer,"app, visualization, time, line"
302,application,vis_map_region.svg,Region Map,1layer,"app, visualization, map, region, shaded"
303,application,vis_map_heatmap.svg,Heat Map,1layer,"app, visualization, map, heat"
304,application,reparent.svg,Reparent,1layer,"app, move, attach"
