<?xml version="1.0" encoding="ISO-8859-1" ?>

<configuration>
    <header>
        <fileSystem config-class="edge.server.config.ResourceFileSystem" />
        <result>
            <nodeCombiner config-class="org.apache.commons.configuration2.tree.UnionCombiner" />
            <!-- <expressionEngine config-class="org.apache.commons.configuration2.tree.xpath.XPathExpressionEngine"/> -->
            <listDelimiterHandler
                config-class="org.apache.commons.configuration2.convert.DefaultListDelimiterHandler">
                <config-constrarg config-value="," />
            </listDelimiterHandler>
        </result>
    </header>
    <system/>
    <override>
        <properties fileName="2.0.0.properties" />
        <properties fileName="2.1.0.properties" />
        <properties fileName="3.0.0.properties" />
        <properties fileName="3.0.2.properties" />
        <properties fileName="3.1.0.properties" />
        <properties fileName="3.2.0.properties" />
        <properties fileName="3.2.1.properties" />
        <properties fileName="3.2.2.properties" />
        <properties fileName="3.2.3.properties" />
        <properties fileName="3.2.4.properties" />
        <properties fileName="3.2.6.properties" />
        <properties fileName="3.2.7.properties" />
        <properties fileName="3.3.0.properties" />
        <properties fileName="3.4.0-beta1.properties" />
        <properties fileName="3.4.0-beta3.properties" />
        <properties fileName="3.4.0-beta4.properties" />
        <properties fileName="3.4.0-rc1.properties" />
        <properties fileName="3.4.0-rc3.properties" />
        <properties fileName="3.4.0-rc4.properties" />
        <properties fileName="3.4.0.properties" />
        <properties fileName="3.4.1-alpha1.properties" />
        <properties fileName="3.4.1-rc1.properties" />
        <!-- newVersion here -->
    </override>
</configuration>
