{
  "doClass": "AppDefDO",
  "name": "Generic",
  "displayName": "ConnectionType.proxy.DisplayName",
  "description": "ConnectionType.proxy.description",

  "feeds": [
    {
      "doClass": "AppFeedDefDO",
      "extendsType": "GenericWebContentFeed",
      "name": "GenericWebContentFeed",
      "displayName": "FeedType.proxyfeed.DisplayName",
      "rule": "BaseWeb",
      "startUri": "/"
    }
  ],

  "versionDefs": [
    {
      "doClass": "AppVersionDefDO",
      "version": "1.0",
      "destination": "http://change_me",
      "ssoHandler": "None",
      "rules": [
        "BaseWeb"
      ],
      "feedTypeNames": [
        "GenericWebContentFeed"
      ]
    }
  ],

  "versionMappings": [
    { "doClass": "AppVersionMappingDO", "version": "1.0" }
  ]
}
