ID,CATEGORY,FILE_NAME,DISPLAY_NAME,TYPE,TAGS
0002,status,asterix.svg,Asterix,1layer,"symbol, note"
0003,status,bandage.svg,bandage,1layer,"bandage, bandaid"
0004,status,battery0.svg,Battery 0,2layer,"battery, power, recharge, capacity, empty, gauge"
0005,status,battery1.svg,Battery 1,2layer,"battery, power, recharge, capacity, gauge"
0006,status,battery2.svg,Battery 2,2layer,"battery, power, recharge, capacity, gauge"
0007,status,battery3.svg,Battery 3,2layer,"battery, power, recharge, capacity, gauge"
0008,status,battery4.svg,Battery 4,2layer,"battery, power, recharge, capacity, gauge"
0009,status,battery5.svg,Battery 5,2layer,"battery, power, recharge, capacity, full, gauge"
0010,status,biohazard.svg,Biohazard,1layer,"bio, threat, hazard"
0011,status,boom.svg,Boom,1layer,"boom, kaboom, pow, explosion, explode"
0012,status,broken.svg,broken link,1layer,"broken, break, link, linkage"
0013,status,bunny.svg,Bunny,1layer,"pancake, bunny, joe"
0014,status,check.svg,Check,1layer,"check, checkmark, normal, ok, good"
0015,status,clock.svg,Clock,1layer,"clock, time, duration, interval, alarm"
0016,status,critical_knockout.svg,Critical,2layer,"status, severity, critical, fatal, bad, error, fail, failure"
0017,status,disabled.svg,Disabled,1layer,"disabled, ban, banned, busted, not, no"
0018,status,explanation.svg,Explanation,1layer,"explanation, exclaim"
0019,status,eye.svg,Eye,1layer,"eye, vision, visible, hidden, see, look"
0020,status,flare.svg,Flare,1layer,"flare, star, shine, bright, click"
0021,status,fire.svg,fire,1layer,"fire, flame, heat, burn, burning"
0022,status,harveyball1.svg,Harvey Ball 1,1layer,"harveyball, harvey, status, rating"
0023,status,harveyball2.svg,Harvey Ball 2,1layer,"harveyball, harvey, status, rating"
0024,status,harveyball3.svg,Harvey Ball 3,1layer,"harveyball, harvey, status, rating"
0025,status,harveyball4.svg,Harvey Ball 4,1layer,"harveyball, harvey, status, rating"
0026,status,harveyball5.svg,Harvey Ball 5,1layer,"harveyball, harvey, status, rating"
0027,status,hourglass.svg,Hour Glass,1layer,"hourglass, clock, time, duration, progress, wait, waiting"
0028,status,info.svg,Info,1layer,"info, information, informational"
0029,status,informational_knockout.svg,Informational,2layer,"status, info, information, informational, bubble, help, message"
0030,status,bolt.svg,Bolt,1layer,"lightning, bolt, electricity"
0031,status,locked.svg,Locked,1layer,"lock, locked, secure"
0032,status,normal_knockout.svg,Normal,2layer,"status, ok, normal, valid, check, checkmark, success"
0033,status,power.svg,Power,1layer,"power, on, off"
0034,status,question.svg,Questionmark,1layer,"question, mark, help, tip, unknown"
0035,status,refresh.svg,Refresh,1layer,"refresh, refreshing, arrows, recycle, reload, progress"
0036,status,signal0.svg,Signal 0,2layer,"signal, wifi, wireless, strength, bars"
0037,status,signal1.svg,Signal 1,2layer,"signal, wifi, wireless, strength, bars"
0038,status,signal2.svg,Signal 2,2layer,"signal, wifi, wireless, strength, bars"
0039,status,signal3.svg,Signal 3,2layer,"signal, wifi, wireless, strength, bars"
0040,status,skull.svg,Skull,1layer,"skull, dead, death, kill, fatal, terminate, threat"
0041,status,sleep.svg,sleep,1layer,"sleep, rest, bed"
0042,status,stethoscope.svg,stethoscope,1layer,"stethoscope, doctor, sick, health, diagnose"
0043,status,sun1.svg,Sun 1,1layer,"sun, light, brightness, full"
0044,status,sun2.svg,Sun 2 ,1layer,"sun, light, brightness, half"
0045,status,sun3.svg,Sun 3,1layer,"sun, light, brightness, empty"
0046,status,ticket.svg,Ticket,1layer,"ticket, event, incident"
0047,status,unknown_knockout.svg,Unknown,2layer,"status, unknown, unavailable, default"
0048,status,unlocked.svg,Unlocked,1layer,"unlock, unlocked, unsecure"
0049,status,warning_knockout.svg,Warning,2layer,"status, warning, alert, error"
0050,status,wrench.svg,wrench,1layer,"wrench, maintenance, edit, fix, modify, config, develop"
0051,status,x.svg,x,1layer,"x, critical, error, fatal"