<?xml version="1.0" encoding="UTF-8"?>
<Configuration status="INFO">
   <Properties>
      <Property name="logging.dir">${sys:prod.home}/logs</Property>
   </Properties>
   <Appenders>
      <Console name="Console" target="SYSTEM_OUT">
         <PatternLayout pattern="[%d{ISO8601}] [%t] %-5p %c{6} - %msg%n" />
      </Console>
      <RollingRandomAccessFile name="EdgeLog" fileName="${sys:logging.dir}/edge.log"
                   filePattern="${sys:logging.dir}/edge-%d{yyyy-MM-dd}-%i.log.gz">
         <PatternLayout>
            <Pattern>%d %p %c{1.} [%t] %m %ex%n</Pattern>
         </PatternLayout>
         <Policies>
            <TimeBasedTriggeringPolicy />
            <SizeBasedTriggeringPolicy size="250 MB"/>
         </Policies>
         <DefaultRolloverStrategy max="4">
	        <!--
	        Nested conditions: the inner condition is only evaluated on files
	        for which the outer conditions are true.
	        -->
	        <Delete basePath="${sys:logging.dir}" maxDepth="2">
	          <IfFileName glob="edge-*.log.gz">
	            <IfLastModified age="7d">
	            </IfLastModified>
	          </IfFileName>
	        </Delete>
         </DefaultRolloverStrategy>
      </RollingRandomAccessFile>
      <RollingRandomAccessFile name="EdgeSessionLog" fileName="${sys:logging.dir}/edgesession.log"
                   filePattern="${sys:logging.dir}/edgesession-%d{yyyy-MM-dd}-%i.log.gz">
         <PatternLayout>
            <Pattern>%d %p %c{1.} [%t] %m %ex%n</Pattern>
         </PatternLayout>
         <Policies>
            <TimeBasedTriggeringPolicy />
            <SizeBasedTriggeringPolicy size="250 MB"/>
         </Policies>
         <DefaultRolloverStrategy max="4">
	        <!--
	        Nested conditions: the inner condition is only evaluated on files
	        for which the outer conditions are true.
	        -->
	        <Delete basePath="${sys:logging.dir}" maxDepth="2">
	          <IfFileName glob="edgesession-*.log.gz">
	            <IfLastModified age="7d">
	            </IfLastModified>
	          </IfFileName>
	        </Delete>
         </DefaultRolloverStrategy>
      </RollingRandomAccessFile>
      <RollingRandomAccessFile name="EdgeAuditLog" fileName="${sys:logging.dir}/edgeaudit.log"
                   filePattern="${sys:logging.dir}/edgeaudit-%d{yyyy-MM-dd}-%i.log.gz">
         <PatternLayout>
            <Pattern>%d %p %c{1.} [%t] %m %ex%n</Pattern>
         </PatternLayout>
         <Policies>
            <TimeBasedTriggeringPolicy />
            <SizeBasedTriggeringPolicy size="250 MB"/>
         </Policies>
         <DefaultRolloverStrategy max="4">
	        <!--
	        Nested conditions: the inner condition is only evaluated on files
	        for which the outer conditions are true.
	        -->
	        <Delete basePath="${sys:logging.dir}" maxDepth="2">
	          <IfFileName glob="edgeaudit-*.log.gz">
	            <IfLastModified age="7d">
	            </IfLastModified>
	          </IfFileName>
	        </Delete>
         </DefaultRolloverStrategy>
      </RollingRandomAccessFile>
      <RollingRandomAccessFile name="EdgeAccessLog" fileName="${sys:logging.dir}/edgeaccess.log"
                   filePattern="${sys:logging.dir}/edgeaccess-%d{yyyy-MM-dd}-%i.log.gz">
         <PatternLayout>
            <Pattern>%d %p %c{1.} [%t] %m %ex%n</Pattern>
         </PatternLayout>
         <Policies>
            <TimeBasedTriggeringPolicy />
            <SizeBasedTriggeringPolicy size="250 MB"/>
         </Policies>
         <DefaultRolloverStrategy max="4">
	        <!--
	        Nested conditions: the inner condition is only evaluated on files
	        for which the outer conditions are true.
	        -->
	        <Delete basePath="${sys:logging.dir}" maxDepth="2">
	          <IfFileName glob="edgeaccess-*.log.gz">
	            <IfLastModified age="7d">
	            </IfLastModified>
	          </IfFileName>
	        </Delete>
         </DefaultRolloverStrategy>
      </RollingRandomAccessFile>
      <RollingRandomAccessFile name="EdgeDataLog" fileName="${sys:logging.dir}/edgedata.log"
                   filePattern="${sys:logging.dir}/edgedata-%d{yyyy-MM-dd}-%i.log.gz">
         <PatternLayout>
            <Pattern>%d %p %c{1.} [%t] %m %ex%n</Pattern>
         </PatternLayout>
         <Policies>
            <TimeBasedTriggeringPolicy />
            <SizeBasedTriggeringPolicy size="250 MB"/>
         </Policies>
         <DefaultRolloverStrategy max="4">
	        <!--
	        Nested conditions: the inner condition is only evaluated on files
	        for which the outer conditions are true.
	        -->
	        <Delete basePath="${sys:logging.dir}" maxDepth="2">
	          <IfFileName glob="edgedata-*.log.gz">
	            <IfLastModified age="7d">
	            </IfLastModified>
	          </IfFileName>
	        </Delete>
         </DefaultRolloverStrategy>
      </RollingRandomAccessFile>
      <RollingRandomAccessFile name="EdgeWebLog" fileName="${sys:logging.dir}/edgeweb.log"
                   filePattern="${sys:logging.dir}/edgeweb-%d{yyyy-MM-dd}-%i.log.gz">
         <PatternLayout>
            <Pattern>%d %p %c{1} [username=%X{username},requestId=%X{edgeweb.requestId}] %m %ex%n</Pattern>
         </PatternLayout>
         <Policies>
            <TimeBasedTriggeringPolicy />
            <SizeBasedTriggeringPolicy size="250 MB"/>
         </Policies>
         <DefaultRolloverStrategy max="4">
	        <!--
	        Nested conditions: the inner condition is only evaluated on files
	        for which the outer conditions are true.
	        -->
	        <Delete basePath="${sys:logging.dir}" maxDepth="2">
	          <IfFileName glob="edgeweb-*.log.gz">
	            <IfLastModified age="7d">
	            </IfLastModified>
	          </IfFileName>
	        </Delete>
         </DefaultRolloverStrategy>
      </RollingRandomAccessFile>
      <RollingRandomAccessFile name="EdgeWebTrace" fileName="${sys:logging.dir}/edgeweb.trace"
                   filePattern="${sys:logging.dir}/edgeweb-%d{yyyy-MM-dd}-%i.trace.gz">
         <PatternLayout>
            <Pattern>%d %p %c{1.} [threadId='%t',username=%X{username},requestId=%X{edgeweb.requestId}] %m %ex%n</Pattern>
         </PatternLayout>
         <Policies>
            <TimeBasedTriggeringPolicy />
            <SizeBasedTriggeringPolicy size="250 MB"/>
         </Policies>
         <DefaultRolloverStrategy max="4">
	        <!--
	        Nested conditions: the inner condition is only evaluated on files
	        for which the outer conditions are true.
	        -->
	        <Delete basePath="${sys:logging.dir}" maxDepth="2">
	          <IfFileName glob="edgeweb-*.trace.gz">
	            <IfLastModified age="3d">
	            </IfLastModified>
	          </IfFileName>
	        </Delete>
         </DefaultRolloverStrategy>
      </RollingRandomAccessFile>
      <!--
      <RollingRandomAccessFile name="HibernateLog" fileName="${sys:logging.dir}/hibernate.log"
                   filePattern="${sys:logging.dir}/hibernate-%d{yyyy-MM-dd}-%i.log.gz">
         <PatternLayout>
              <Pattern>%d %p %c{1.} [%t] %m %ex%n</Pattern>
         </PatternLayout>
         <Policies>
            <TimeBasedTriggeringPolicy />
            <SizeBasedTriggeringPolicy size="250 MB"/>
         </Policies>
         <DefaultRolloverStrategy max="4">
	        <Delete basePath="${sys:logging.dir}" maxDepth="2">
	          <IfFileName glob="hibernate-*.log.gz">
	            <IfLastModified age="7d">
	            </IfLastModified>
	          </IfFileName>
	        </Delete>
         </DefaultRolloverStrategy>
      </RollingRandomAccessFile>
        -->
   </Appenders>
   <Loggers>
      <Logger name="edge.server.Application" level="info">
         <Appender-ref ref="Console" />
      </Logger>
      <Logger name="edgesession" level="info" additivity="false">
         <Appender-ref ref="EdgeSessionLog" />
      </Logger>
      <Logger name="edgeaudit" level="info" additivity="false">
         <Appender-ref ref="EdgeAuditLog" />
      </Logger>
      <Logger name="edgeaccess" level="info" additivity="false">
         <Appender-ref ref="EdgeAccessLog" />
      </Logger>
      <Logger name="edgedata" level="info" additivity="false">
         <Appender-ref ref="EdgeDataLog" />
      </Logger>
      <Logger name="edge" level="info" additivity="false">
         <Appender-ref ref="EdgeLog" />
      </Logger>
      <!--		<Logger name="org.hibernate.SQL" level="debug">
		</Logger>
		<Logger name="org.hibernate.type" level="trace">
		</Logger> -->
      <!--<Logger name="edge.server.proxy.pipeline.ProxyLogManager" level="DEBUG">-->
      <!--</Logger>-->
      <Logger name="edge.server.proxy" additivity="false">
         <DynamicThresholdFilter key="edgeweb.loglevel" defaultThreshold="INFO" onMatch="ACCEPT" onMismatch="DENY">
            <KeyValuePair key="DEBUG" value="DEBUG" />
            <KeyValuePair key="TRACE" value="TRACE" />
         </DynamicThresholdFilter>
         <Appender-ref ref="EdgeWebLog" level="DEBUG" />
         <Appender-ref ref="EdgeWebTrace" level="TRACE" />
      </Logger>
      <!--<Logger name="org.springframework.web.socket.messaging.SubProtocolWebSocketHandler" level="debug">-->
          <!--<Appender-ref ref="EdgeLog" />-->
      <!--</Logger>-->
      <!--<Logger name="edge.server.pipeline.data.jobs" level="trace">
		</Logger>-->
      <!-- 		<Logger name="log4j.category.com.zaxxer.hikari" level="trace">
		</Logger>
		<Logger name="org.springframework" level="error">
		</Logger> -->
      <!--		<Logger name="org.springframework.orm.jpa" level="info">
		</Logger>
		<Logger name="org.springframework.transaction" level="info">
		</Logger>
		<Logger name="org.springframework.transaction.interceptor" level="info">
		</Logger> -->
      <Logger name="org.springframework.web.servlet.mvc" level="error" />
      <Logger name="org.apache.commons.beanutils" level="error" />
      <Logger name="org.springframework.context.annotation.ConfigurationClassEnhancer" level="error" />
      <Logger name="org.springframework.boot.autoconfigure.batch.BasicBatchConfigurer" level="ERROR" />
      <Root level="error">
         <Appender-ref ref="EdgeLog" />
      </Root>
      <!--
        <Logger name="org.hibernate.transaction" level="debug">
            <Appender-ref ref="HibernateLog" />
        </Logger>
        <Logger name="org.hibernate.transaction.interceptor" level="trace">
            <Appender-ref ref="HibernateLog" />
        </Logger>
        <Logger name="org.hibernate.orm.jpa" level="info">
            <Appender-ref ref="HibernateLog" />
        </Logger>
        <Logger name="org.hibernate.orm.jpa" level="info">
            <Appender-ref ref="HibernateLog" />
        </Logger>
        <Logger name="org.hibernate" level="error">
            <Appender-ref ref="HibernateLog" />
        </Logger>
        -->
   </Loggers>
</Configuration>
