"AssetID","Country","Latitude","Longitude","Name","Owner","Service","SiteID","State","Type",
"1001","","","","syslog.vandervort-gleason-and-kunde.nm.us","","Store Front","1","","VM Host",
"1002","","","","backup-284.dietrich-tillman.gf","","Data Analytics","2","","Switch",
"1003","","","","telnet-643.halvorson-reichel.sc.us","","Data Analytics","3","","Database",
"1004","","","","www.wunsch-witting.mk","","Billing","1","","Router",
"1005","","","","pop3-441.friesen-swift-and-abernathy.hm","","Threat Analysis","2","","Switch",
"1006","","","","news-114.feeney-inc.kw","","Threat Analysis","3","","Database",
"1007","","","","nfs.fadel-group.fi","","Record Keeper","1","","VM Host",
"1008","","","","tacacs.howell-llc.py","","Record Keeper","2","","Switch",
"1009","","","","printer.glover-johnson.gl","","Cloud Storage","3","","VM",
"1010","","","","socks-133.considine-zieme-and-harris.gu","","Cloud Storage","1","","Storage",
