"AssetID","City","Country","Latitude","Location_ID","Longitude","Name","Owner","Service","SiteID","State","Type",
"1001","Hunter Aaf","USA","32.02","SVN","-81.15","syslog.vandervort-gleason-and-kunde.nm.us","","Store Front","1","GA","VM Host",
"1002","Morristown","USA","40.80","MMU","-74.42","backup-284.dietrich-tillman.gf","","Data Analytics","2","NJ","Switch",
"1003","Aberdeen","USA","45.45","ABR","-98.43","telnet-643.halvorson-reichel.sc.us","","Data Analytics","3","SD","Database",
"1004","Hunter Aaf","USA","32.02","SVN","-81.15","www.wunsch-witting.mk","","Billing","1","GA","Router",
"1005","Morristown","USA","40.80","MMU","-74.42","pop3-441.friesen-swift-and-abernathy.hm","","Threat Analysis","2","NJ","Switch",
"1006","Aberdeen","USA","45.45","ABR","-98.43","news-114.feeney-inc.kw","","Threat Analysis","3","SD","Database",
"1007","Hunter Aaf","USA","32.02","SVN","-81.15","nfs.fadel-group.fi","","Record Keeper","1","GA","VM Host",
"1008","Morristown","USA","40.80","MMU","-74.42","tacacs.howell-llc.py","","Record Keeper","2","NJ","Switch",
"1009","Aberdeen","USA","45.45","ABR","-98.43","printer.glover-johnson.gl","","Cloud Storage","3","SD","VM",
"1010","Hunter Aaf","USA","32.02","SVN","-81.15","socks-133.considine-zieme-and-harris.gu","","Cloud Storage","1","GA","Storage",
