"City","Country","CustomerID","Latitude","Location_ID","Longitude","Name","SLA_Level","SLA_LevelName","ShortName","State","Status",
"Lancaster","","cust1","34.73","WJF","-118.22","Rosenbaum-Baumbach","3","Bronze","Ms. Althea Moen","CA","",
"Fairmont","","cust2","43.65","FRM","-94.42","Quigley-Hessel","2","Silver","Alaina Pfannerstill","MN","",
"Tinker AFB","","cust3","35.42","TIK","-97.38","Bernhard, Adams and Lindgren","1","Gold","Zola Daugherty","OK","",
"Kearney","","cust4","40.73","EAR","-99.00","Hilll Group","3","Bronze","Kendall Hyatt","NE","",
"Lubbock","","cust5","33.65","LBB","-101.82","Bauch-Schimmel","2","Silver","Sonya Aufderhar","TX","",
"Claiborne R","","cust6","31.22","01R","-92.95","Schultz-Leuschke","1","Gold","Dr. Natalie Hoeger","LA","",
"Gray AFB","","cust7","31.07","GRK","-97.83","Treutel Group","1","Gold","Myah Zboncak Sr.","TX","",
"Gage","","cust8","36.30","GAG","-99.77","Crona, Schmitt and Conroy","1","Gold","Dell Schneider","OK","",
"Anderson","","cust9","34.50","AND","-82.72","Anderson-Trantow","3","Bronze","Leatha Will","SC","",
"Altus AFB","","cust10","34.67","LTS","-99.27","Dare-Rempel","1","Gold","Mr. Bud Bashirian","OK","",
