"Description","Name","Owner","ServiceID","ShortName","SiteID","Type",
"Billing System we use to bill customers","Billing","Jorge Predovic","51","Service 1","2","Internal",
"Archives Transactions and Logs for audits","Record Keeper","Callie Glover","52","Service 2","3","Internal",
"Baseline service that allows our customers sell merchandise online.  Compatible with Data Analytics, Cloud Storage, and Threat Analysis.","Store Front","Gregory Bergnaum","53","Service 3","3","Internal",
"Security Solution that keeps Store Front safe.","Threat Analysis","Alexis Koss I","54","Service 4","2","External",
"Archives Transactions and Logs for audits","Record Keeper","Korbin Hand","55","Service 5","3","Internal",
"Archives Transactions and Logs for audits","Record Keeper","Carmelo Kuvalis","56","Service 6","1","External",
"Archives Transactions and Logs for audits","Record Keeper","Rolando Hane","57","Service 7","3","External",
"Gives customers insite into who's hitting their website, and what they buy.","Data Analytics","Alden O'Keefe","58","Service 8","1","External",
"Billing System we use to bill customers","Billing","Bridget Swift","59","Service 9","2","Internal",
"Gives customers insite into who's hitting their website, and what they buy.","Data Analytics","Jordyn Johnston","60","Service 10","1","Internal",
"Baseline service that allows our customers sell merchandise online.  Compatible with Data Analytics, Cloud Storage, and Threat Analysis.","Store Front","Donnie Spencer III","61","Service 11","3","External",
"Baseline service that allows our customers sell merchandise online.  Compatible with Data Analytics, Cloud Storage, and Threat Analysis.","Store Front","Jocelyn Swift","62","Service 12","3","External",
"Baseline service that allows our customers sell merchandise online.  Compatible with Data Analytics, Cloud Storage, and Threat Analysis.","Store Front","Ernesto Murphy","63","Service 13","3","External",
"Archives Transactions and Logs for audits","Record Keeper","Letitia Stroman","64","Service 14","2","Internal",
"Security Solution that keeps Store Front safe.","Threat Analysis","Adela Kshlerin","65","Service 15","3","External",
"Cloud Storage solution that lets our customers provide online storage to their users","Cloud Storage","Jevon Rutherford","66","Service 16","2","Internal",
"Security Solution that keeps Store Front safe.","Threat Analysis","Reva Gorczany","67","Service 17","3","Internal",
"Baseline service that allows our customers sell merchandise online.  Compatible with Data Analytics, Cloud Storage, and Threat Analysis.","Store Front","Keyon Grady","68","Service 18","3","Internal",
"Billing System we use to bill customers","Billing","Arlo Barrows","69","Service 19","1","Internal",
"Baseline service that allows our customers sell merchandise online.  Compatible with Data Analytics, Cloud Storage, and Threat Analysis.","Store Front","Adella Will","70","Service 20","3","External",
"Security Solution that keeps Store Front safe.","Threat Analysis","Ethan Lakin DDS","71","Service 21","2","External",
"Gives customers insite into who's hitting their website, and what they buy.","Data Analytics","Florine Farrell","72","Service 22","1","External",
"Billing System we use to bill customers","Billing","Aubrey Jenkins","73","Service 23","2","External",
"Baseline service that allows our customers sell merchandise online.  Compatible with Data Analytics, Cloud Storage, and Threat Analysis.","Store Front","Tiara Sipes","74","Service 24","1","External",
"Gives customers insite into who's hitting their website, and what they buy.","Data Analytics","Orie Reichert","75","Service 25","3","Internal",
"Security Solution that keeps Store Front safe.","Threat Analysis","Marcel Spencer","76","Service 26","2","Internal",
"Gives customers insite into who's hitting their website, and what they buy.","Data Analytics","Jaylan Berge V","77","Service 27","3","External",
"Cloud Storage solution that lets our customers provide online storage to their users","Cloud Storage","Richard Feil","78","Service 28","3","Internal",
"Gives customers insite into who's hitting their website, and what they buy.","Data Analytics","Millie Mitchell","79","Service 29","1","External",
"Cloud Storage solution that lets our customers provide online storage to their users","Cloud Storage","Verlie Champlin","80","Service 30","2","Internal",
"Baseline service that allows our customers sell merchandise online.  Compatible with Data Analytics, Cloud Storage, and Threat Analysis.","Store Front","Marcus Jacobi","81","Service 31","2","External",
"Archives Transactions and Logs for audits","Record Keeper","Princess Bednar","82","Service 32","2","External",
"Archives Transactions and Logs for audits","Record Keeper","Kiara Casper","83","Service 33","3","Internal",
"Cloud Storage solution that lets our customers provide online storage to their users","Cloud Storage","Fabian Auer","84","Service 34","2","Internal",
"Billing System we use to bill customers","Billing","Jewel Treutel","85","Service 35","1","Internal",
"Billing System we use to bill customers","Billing","Madalyn Predovic","86","Service 36","1","External",
"Cloud Storage solution that lets our customers provide online storage to their users","Cloud Storage","Christophe Schmitt","87","Service 37","3","Internal",
"Billing System we use to bill customers","Billing","Nestor Wisoky","88","Service 38","2","External",
"Gives customers insite into who's hitting their website, and what they buy.","Data Analytics","Walter Homenick","89","Service 39","3","External",
"Gives customers insite into who's hitting their website, and what they buy.","Data Analytics","Donavon Bode","90","Service 40","3","Internal",
"Billing System we use to bill customers","Billing","Miss Sally Green","91","Service 41","2","External",
"Cloud Storage solution that lets our customers provide online storage to their users","Cloud Storage","Morgan Yundt","92","Service 42","1","Internal",
"Billing System we use to bill customers","Billing","Kale Franecki","93","Service 43","3","Internal",
"Security Solution that keeps Store Front safe.","Threat Analysis","Jany Schowalter","94","Service 44","3","Internal",
"Baseline service that allows our customers sell merchandise online.  Compatible with Data Analytics, Cloud Storage, and Threat Analysis.","Store Front","Neha West","95","Service 45","1","External",
"Cloud Storage solution that lets our customers provide online storage to their users","Cloud Storage","Jalon Sanford","96","Service 46","1","External",
"Cloud Storage solution that lets our customers provide online storage to their users","Cloud Storage","Addison Watsica","97","Service 47","3","External",
"Baseline service that allows our customers sell merchandise online.  Compatible with Data Analytics, Cloud Storage, and Threat Analysis.","Store Front","Hilda Mann","98","Service 48","2","External",
"Baseline service that allows our customers sell merchandise online.  Compatible with Data Analytics, Cloud Storage, and Threat Analysis.","Store Front","Dr. Alicia Pouros","99","Service 49","3","External",
"Billing System we use to bill customers","Billing","Miss Carli Pfannerstill","100","Service 50","1","Internal",
